date,customer,product,partner,status,price,quantity
12-03-2024,Shara,Candle-Making Kit,Shannahan,Delivered,7.99,62
4/18/2025,Artair,Smartphone,Fishbourn,Delivered,14.99,39
8/31/2024,Mathilda,Candle-Making Kit,Feldharker,Delivered,5.49,68
05-03-2025,Clemmie,Wall Art,Ferrai,Delivered,1.89,87
12/19/2024,El,Wireless Earbuds,Pogg,Delivered,15.99,79
3/31/2025,Gwennie,Air Fryer,Zanioletti,Delivered,29.99,90
5/29/2025,Gale,Smartphone,Pittford,Delivered,199.99,69
2/18/2025,Nikki,Air Fryer,Beloe,Delivered,3.29,66
3/13/2025,Margaretha,Candle-Making Kit,Gunny,Delivered,8.99,50
07-08-2025,Guillaume,Paint-by-Numbers Kit,Curtois,Delivered,4.99,32
4/21/2025,Roley,Knitting Set,Banbrigge,Delivered,34.99,19
6/25/2025,Fanny,Silicone Baking Mat,Feasey,Delivered,1.29,78
9/20/2024,Nada,Vegetable Spiralizer,McMahon,Delivered,5.49,82
7/13/2025,Earle,Air Fryer,Jecock,Delivered,14.99,54
7/19/2025,Idette,Knitting Set,Machan,Delivered,6.49,96
01-03-2025,Chryste,Wall Art,Elfe,Delivered,12.99,89
4/18/2025,Shirleen,Air Fryer,Wilfing,Delivered,4.99,50
03-06-2025,Fionnula,Air Fryer,Beyer,Delivered,29.99,78
5/27/2025,Emlyn,Air Fryer,Wind,Delivered,18.99,26
4/16/2025,Desi,Smartphone,O'Connell,Delivered,39.99,12
4/24/2025,Alisun,Smartphone,Barnham,Delivered,19.99,3
07-12-2025,Amalie,Vegetable Spiralizer,Krauze,Delivered,5.99,6
11/23/2024,Decca,Knitting Set,Gun,Delivered,6.99,54
6/24/2025,Nixie,Wireless Earbuds,Vowles,Delivered,59.99,27
9/30/2024,Arielle,Wall Art,Hovel,Delivered,59.99,20
4/28/2025,Merrill,Paint-by-Numbers Kit,Frangione,Delivered,7.99,78
3/14/2025,Marilin,Candle-Making Kit,Eppson,Delivered,14.99,32
4/29/2025,Vilhelmina,Vegetable Spiralizer,Brettell,Delivered,39.99,58
8/24/2024,Izaak,Vegetable Spiralizer,Tolumello,Delivered,3.89,44
04-12-2025,Ingeborg,Wireless Earbuds,Thackray,Delivered,39.99,88
8/16/2024,Grannie,Wireless Earbuds,Dunstone,Delivered,24.99,20
04-10-2025,Frankie,Wall Art,Rubrow,Delivered,39.99,29
05-03-2025,Carce,Vegetable Spiralizer,Copo,Delivered,18.99,8
01-04-2025,Jammie,Smartphone,Adamou,Delivered,29.99,12
10-10-2024,Ty,Smartphone,Gauler,Delivered,24.99,82
3/23/2025,Maison,Smartwatch,Alenov,Delivered,4.49,84
01-06-2025,Nikita,Silicone Baking Mat,Mathie,Delivered,19.99,4
2/28/2025,Francoise,Smartwatch,Dewi,Delivered,18.99,9
8/29/2024,Devinne,Smartwatch,Noonan,Delivered,39.99,77
7/30/2025,Pryce,Air Fryer,Dorow,Delivered,25.99,61
10/20/2024,Dorothea,Wall Art,Geistbeck,Delivered,4.29,91
11-07-2024,Vincenty,Wireless Earbuds,Videler,Delivered,79.99,82
8/15/2024,Dacey,Silicone Baking Mat,Savege,Delivered,19.99,96
11-03-2024,Lorna,Smartwatch,Grunwald,Delivered,2.49,6
1/30/2025,Danni,Paint-by-Numbers Kit,Dowbakin,Delivered,1.99,36
4/28/2025,Udell,Vegetable Spiralizer,Hughes,Delivered,34.99,87
07-04-2025,Grazia,Air Fryer,Hurley,Delivered,7.99,36
12/25/2024,Louie,Wall Art,Mixter,Delivered,22,96
06-12-2025,Donavon,Candle-Making Kit,Syncke,Delivered,3.99,81
09-11-2024,Carey,Wireless Earbuds,Duny,Delivered,4.99,75
06-12-2025,Mortie,Vegetable Spiralizer,Brend,Delivered,3.59,7
3/14/2025,Mathian,Smartphone,Sherville,Delivered,19.99,59
8/21/2024,Dulsea,Paint-by-Numbers Kit,Park,Delivered,5.49,86
7/31/2025,Kingston,Wall Art,Corneille,Delivered,3.99,100
12-11-2024,Clayborn,Knitting Set,Bradley,Delivered,99.99,18
12/16/2024,Yance,Wireless Earbuds,Baugham,Delivered,89.99,82
12-12-2024,Burlie,Smartwatch,Vargas,Delivered,2.49,74
05-02-2025,Dillon,Smartwatch,Eynaud,Delivered,24.99,41
03-11-2025,Francyne,Air Fryer,Entreis,Delivered,19.99,12
10-03-2024,Earvin,Vegetable Spiralizer,Kinnock,Delivered,24.99,23
12/30/2024,Bianka,Silicone Baking Mat,Mowsdell,Delivered,99.99,27
5/30/2025,Bone,Smartwatch,Smithson,Delivered,4.29,13
12-09-2024,Nannette,Smartwatch,Sarra,Delivered,4.99,44
03-01-2025,Valentin,Air Fryer,Axelbee,Delivered,24.99,83
07-12-2025,Hakeem,Vegetable Spiralizer,Blaszczyk,Delivered,99.99,71
10/24/2024,Caresse,Candle-Making Kit,Luten,Delivered,12.99,95
01-09-2025,Rahal,Air Fryer,Votier,Delivered,4.59,82
1/31/2025,Maible,Smartwatch,Duckham,Delivered,22.99,12
01-09-2025,Hedvige,Wireless Earbuds,Vince,Delivered,4.79,98
04-09-2025,Verla,Smartphone,Tanslie,Delivered,89.99,36
2/13/2025,Marian,Vegetable Spiralizer,Lechelle,Delivered,4.19,66
08-05-2025,Donn,Candle-Making Kit,Pigdon,Delivered,3.99,21
11/30/2024,Maddy,Smartwatch,Prinn,Delivered,5.99,47
09-08-2024,Vere,Vegetable Spiralizer,Van Leeuwen,Delivered,3.49,10
04-11-2025,Violette,Air Fryer,Clavering,Delivered,29.99,32
04-02-2025,Meridith,Smartwatch,Okroy,Delivered,2.49,90
11/24/2024,Harwilll,Wall Art,Winscom,Delivered,5.49,47
7/26/2025,Brandy,Smartwatch,Skelington,Delivered,3.49,2
11-05-2024,Teador,Air Fryer,Mixworthy,Delivered,12.99,48
12/15/2024,Joey,Wireless Earbuds,Tucknutt,Delivered,4.99,76
4/25/2025,Alphard,Silicone Baking Mat,Pittford,Delivered,5.79,95
3/16/2025,Aland,Vegetable Spiralizer,MacKeeg,Delivered,24.99,74
01-12-2025,Cully,Air Fryer,Langdon,Delivered,29.99,41
10/13/2024,Jannel,Paint-by-Numbers Kit,Prestwich,Delivered,3.79,23
4/22/2025,Haley,Air Fryer,Hearsey,Delivered,3.99,5
09-07-2024,Hurley,Air Fryer,Duffit,Delivered,19.99,3
3/19/2025,Gun,Smartphone,Foltin,Delivered,29.99,28
9/22/2024,Odelle,Wireless Earbuds,Neathway,Delivered,2.29,32
12-06-2024,Giuditta,Vegetable Spiralizer,Loudwell,Delivered,6.49,46
12/15/2024,Marcella,Candle-Making Kit,Denisovich,Delivered,39.99,98
02-09-2025,Malynda,Smartwatch,Postins,Delivered,3.59,88
3/28/2025,Willabella,Silicone Baking Mat,Deverall,Delivered,2.49,68
07-10-2025,Hilliard,Wireless Earbuds,Sybry,Delivered,44.99,19
12-06-2024,Jessy,Smartphone,Brugh,Delivered,5.49,21
1/21/2025,James,Air Fryer,Tirkin,Delivered,19.99,5
4/14/2025,Zebulon,Silicone Baking Mat,Oxlade,Delivered,3.99,40
12/16/2024,Darcie,Wall Art,De Ortega,Delivered,29.99,73
1/16/2025,Jazmin,Knitting Set,Longstaffe,Delivered,69.99,87
08-06-2025,Vernon,Smartwatch,Sherebrook,Delivered,3.49,64
9/15/2024,Adoree,Knitting Set,Woolmer,Delivered,12.99,47
08-02-2025,Ive,Smartwatch,Ivermee,Delivered,129.99,98
2/16/2025,Iggy,Vegetable Spiralizer,Stote,Delivered,39.99,57
12/29/2024,Allyn,Smartwatch,Sarl,Delivered,24.99,17
3/23/2025,Mireille,Candle-Making Kit,Dowglass,Delivered,4.19,45
07-11-2025,Barbara-anne,Vegetable Spiralizer,Carse,Delivered,19.99,92
2/17/2025,Gertie,Smartphone,Adamovich,Delivered,7.99,78
11-08-2024,Cassey,Smartphone,Wain,Delivered,69.99,34
6/24/2025,Willa,Candle-Making Kit,Farnon,Delivered,29.99,21
07-07-2025,Hatty,Smartphone,Brosel,Delivered,14.99,29
6/15/2025,Dottie,Smartwatch,Chilvers,Delivered,39.99,2
01-05-2025,Elicia,Wireless Earbuds,Gumme,Delivered,49.99,1
1/24/2025,Tallou,Air Fryer,Shoorbrooke,Delivered,4.5,73
12/19/2024,Brianna,Silicone Baking Mat,Curnok,Delivered,14.99,40
08-01-2025,Cello,Vegetable Spiralizer,Crossland,Delivered,1.89,48
06-09-2025,Archibold,Paint-by-Numbers Kit,McCafferky,Delivered,3.49,57
6/23/2025,Patrizia,Wall Art,Igonet,Delivered,79.99,10
4/24/2025,Modesty,Silicone Baking Mat,Rawsthorne,Delivered,3.49,99
12/17/2024,Pattin,Wireless Earbuds,Wind,Delivered,3.29,30
05-01-2025,Cammy,Wall Art,Duferie,Delivered,54.99,5
12/26/2024,Minnnie,Wireless Earbuds,Yeude,Delivered,49.99,12
7/29/2025,Carlynn,Vegetable Spiralizer,Wysome,Delivered,19.99,83
7/18/2025,Vachel,Knitting Set,Dumbar,Delivered,4.99,56
08-03-2025,Hillyer,Paint-by-Numbers Kit,Code,Delivered,15.99,37
1/13/2025,Bertina,Silicone Baking Mat,Ryall,Delivered,5.29,91
3/28/2025,Caroljean,Smartwatch,English,Delivered,2.99,11
07-10-2025,Zaccaria,Vegetable Spiralizer,Scanlin,Delivered,59.99,80
3/29/2025,Elenore,Smartwatch,Thomen,Delivered,2.99,33
4/29/2025,Jayne,Candle-Making Kit,Gwinnel,Delivered,4.99,11
03-01-2025,Hart,Smartphone,Mault,Delivered,3.99,20
4/28/2025,Elaine,Vegetable Spiralizer,Vaughan,Delivered,3.49,70
11/14/2024,Flory,Candle-Making Kit,Kelloway,Delivered,29.99,83
1/30/2025,Allina,Paint-by-Numbers Kit,Dashkov,Delivered,15.99,75
1/30/2025,Ariel,Smartwatch,Leads,Delivered,9.99,68
4/20/2025,Marsh,Wall Art,Bakey,Delivered,1.29,24
10/23/2024,Hy,Wireless Earbuds,Refford,Delivered,1.99,91
05-09-2025,Gustave,Vegetable Spiralizer,Cabrera,Delivered,12.99,66
2/28/2025,Zed,Vegetable Spiralizer,Schlagh,Delivered,14.99,62
7/17/2025,Alexia,Air Fryer,Milverton,Delivered,3.29,87
5/16/2025,Bernadine,Smartphone,Simioli,Delivered,3.99,61
7/20/2025,Kathie,Paint-by-Numbers Kit,Linskill,Delivered,34.99,60
01-02-2025,Tammy,Knitting Set,Maryon,Delivered,69.99,83
12/17/2024,Jill,Knitting Set,Ickovits,Delivered,4.19,61
04-09-2025,Angie,Vegetable Spiralizer,Godthaab,Delivered,4.49,93
7/29/2025,Rhys,Paint-by-Numbers Kit,Bowhey,Delivered,39.99,98
07-03-2025,Rafe,Smartwatch,McArte,Delivered,1.89,67
11/18/2024,Richmound,Knitting Set,Cornelisse,Delivered,3.5,64
12/20/2024,Abbott,Wall Art,Payze,Delivered,22.99,28
5/16/2025,Nil,Wall Art,Dockery,Delivered,14.99,60
4/13/2025,Derron,Knitting Set,Boatright,Delivered,5.49,28
11-04-2024,Robinet,Smartphone,Boughtwood,Delivered,2.99,61
12-12-2024,Robinia,Silicone Baking Mat,Spry,Delivered,29.99,13
03-08-2025,Domeniga,Smartwatch,Gisburn,Delivered,89.99,65
12/13/2024,Lois,Air Fryer,Dan,Delivered,10.99,34
06-12-2025,Gustie,Candle-Making Kit,Southcoat,Delivered,1.29,94
12/17/2024,Bernie,Wall Art,Fley,Delivered,39.99,83
9/30/2024,Phylis,Smartphone,Lambard,Delivered,4.49,66
5/24/2025,Fair,Air Fryer,Eastabrook,Delivered,3.99,64
9/20/2024,Lynea,Wireless Earbuds,Filippi,Delivered,29.99,56
07-05-2025,Benny,Wireless Earbuds,Whoolehan,Delivered,6.99,3
02-06-2025,Melisandra,Smartwatch,Demke,Delivered,6.49,22
3/26/2025,Nat,Candle-Making Kit,Allin,Delivered,39.99,69
6/25/2025,Othilia,Silicone Baking Mat,Blakiston,Delivered,5.49,51
08-05-2025,Kristofor,Air Fryer,Millsom,Delivered,18.99,32
11-08-2024,Winonah,Wireless Earbuds,Works,Delivered,6.29,18
10-08-2024,Hannah,Smartwatch,Silverstone,Delivered,24.99,50
5/18/2025,Amitie,Air Fryer,McClarence,Delivered,59.99,31
8/25/2024,Ardisj,Wireless Earbuds,Spacey,Delivered,2.49,62
09-02-2024,Chad,Knitting Set,Cescoti,Delivered,5.99,49
6/19/2025,Christel,Air Fryer,Elgood,Delivered,12.99,23
10/25/2024,Bobbee,Silicone Baking Mat,Organ,Delivered,199.99,13
12-10-2024,Ailey,Air Fryer,Kernermann,Delivered,12.99,54
07-12-2025,Mandi,Air Fryer,Tubridy,Delivered,4.29,61
06-05-2025,Cordula,Smartphone,Robey,Delivered,59.99,93
9/17/2024,Inge,Candle-Making Kit,Prosch,Delivered,4.79,78
02-04-2025,Webster,Silicone Baking Mat,Duny,Delivered,34.99,4
3/13/2025,Janos,Silicone Baking Mat,Pedrocco,Delivered,22.99,61
06-02-2025,Robbie,Wall Art,Geibel,Delivered,19.99,91
5/16/2025,Florenza,Smartphone,Highton,Delivered,39.99,49
3/17/2025,Giordano,Candle-Making Kit,Douglass,Delivered,4.29,91
05-01-2025,Boigie,Air Fryer,Schleswig-Holstein,Delivered,19.99,28
9/30/2024,Hilly,Candle-Making Kit,Whitlock,Delivered,19.99,99
01-10-2025,Willi,Vegetable Spiralizer,Carragher,Delivered,0.99,48
4/21/2025,Sile,Wall Art,Salvadori,Delivered,3.49,85
8/13/2024,Pennie,Knitting Set,Halfhide,Delivered,24.99,30
8/16/2024,Mellicent,Candle-Making Kit,Kibby,Delivered,1.79,6
04-09-2025,Norton,Paint-by-Numbers Kit,Tawn,Delivered,45.99,52
4/30/2025,Amalie,Vegetable Spiralizer,Bohills,Delivered,69.99,78
4/16/2025,Merrily,Air Fryer,Biesinger,Delivered,3.79,86
09-12-2024,Catherin,Wall Art,McAtamney,Delivered,29.99,6
1/25/2025,Sapphira,Knitting Set,Brady,Delivered,89.99,31
7/18/2025,Delaney,Vegetable Spiralizer,Cavell,Delivered,15.99,4
02-01-2025,Dietrich,Paint-by-Numbers Kit,Olney,Delivered,3.99,11
6/29/2025,Isabel,Vegetable Spiralizer,O'Halloran,Delivered,2.99,28
09-05-2024,Read,Knitting Set,Congreve,Delivered,12.99,42
12-01-2024,Lynette,Smartwatch,Danielsky,Delivered,4.49,27
04-02-2025,Merrili,Air Fryer,O'Crevy,Delivered,29.99,84
09-04-2024,Marlowe,Vegetable Spiralizer,Neville,Delivered,34.99,15
5/20/2025,Yorker,Wall Art,Segrott,Delivered,29.99,31
2/19/2025,Cathryn,Wall Art,Vasyunin,Delivered,3.29,6
12-11-2024,Claudina,Candle-Making Kit,McTerrelly,Delivered,5.49,50
1/20/2025,Baron,Wall Art,Hutchins,Delivered,12.99,99
11/22/2024,Mersey,Silicone Baking Mat,Lambertson,Delivered,3.49,49
11/29/2024,Norrie,Wall Art,Stanlike,Delivered,14.99,69
06-02-2025,Lulu,Wireless Earbuds,Seville,Delivered,3.49,96
10-10-2024,Cacilia,Knitting Set,Sherme,Delivered,2.49,94
5/18/2025,Marina,Wall Art,Tutt,Delivered,19.99,21
2/15/2025,Malory,Wall Art,Drewitt,Delivered,34.99,58
2/19/2025,Jeanelle,Smartwatch,Treadger,Delivered,3.49,89
04-01-2025,Margaretha,Knitting Set,Sheryn,Delivered,18.99,36
9/18/2024,Lottie,Knitting Set,Cornehl,Delivered,29.99,5
4/19/2025,Huntlee,Vegetable Spiralizer,Kennermann,Delivered,59.99,67
12/20/2024,Agosto,Smartphone,Di Dello,Delivered,2.49,70
9/16/2024,Quinton,Candle-Making Kit,Assante,Delivered,19.99,70
03-10-2025,Matty,Silicone Baking Mat,Ebertz,Delivered,4.5,60
11/28/2024,Juanita,Air Fryer,Eykel,Delivered,19.99,43
3/23/2025,Kirbee,Silicone Baking Mat,Mountjoy,Delivered,149.99,94
12-11-2024,Daveta,Wireless Earbuds,Michiel,Delivered,39.99,51
1/30/2025,Lyndell,Smartwatch,Fairbridge,Delivered,59.99,23
3/21/2025,Mycah,Smartphone,Camilletti,Delivered,3.99,1
5/26/2025,Ricca,Air Fryer,Colvin,Delivered,24.99,13
4/18/2025,Gianina,Wireless Earbuds,Jacobovitz,Delivered,3.59,34
2/28/2025,Nevin,Smartphone,Tippett,Delivered,39.99,40
4/18/2025,Fern,Knitting Set,Kamenar,Delivered,4.29,23
12-04-2024,Nichols,Paint-by-Numbers Kit,Doggrell,Delivered,29.99,67
4/18/2025,Dickie,Air Fryer,Mattock,Delivered,3.79,52
02-03-2025,Stefano,Smartphone,Dymick,Delivered,19.99,33
07-02-2025,Junette,Smartphone,Pennicott,Delivered,29.99,67
8/27/2024,Floria,Candle-Making Kit,Pettyfar,Delivered,3.79,98
5/13/2025,Tine,Wireless Earbuds,Kirdsch,Delivered,29.99,45
1/23/2025,Mada,Smartphone,Cowling,Delivered,19.99,36
8/27/2024,Corenda,Knitting Set,Ambrosini,Delivered,19.99,62
12/29/2024,Clarie,Smartwatch,Lace,Delivered,10.99,17
10/31/2024,Jaquenette,Smartphone,Babar,Delivered,1.29,73
12/28/2024,Alana,Air Fryer,Perigoe,Delivered,3.79,65
10-10-2024,Glenna,Knitting Set,Gristwood,Delivered,39.99,93
5/14/2025,Cole,Smartphone,Govier,Delivered,79.99,9
07-10-2025,Madelene,Smartwatch,Rushworth,Delivered,3.49,10
8/15/2024,Parsifal,Smartphone,Cogin,Delivered,2.79,77
01-02-2025,Kala,Air Fryer,Schriren,Delivered,24.99,26
11-11-2024,Shane,Wall Art,Kennett,Delivered,39.99,27
2/28/2025,Cord,Candle-Making Kit,Langfield,Delivered,89.99,7
03-05-2025,Emalia,Vegetable Spiralizer,Sieb,Delivered,3.99,3
09-08-2024,Lani,Wall Art,Albany,Delivered,59.99,98
02-04-2025,Leonidas,Smartphone,Greenland,Delivered,5.99,18
01-03-2025,Elisabeth,Candle-Making Kit,Pill,Delivered,7.99,82
10/18/2024,Nana,Air Fryer,Royston,Delivered,6.29,31
8/20/2024,Hugues,Vegetable Spiralizer,Frissell,Delivered,2.99,81
8/26/2024,Ruby,Wall Art,McClymond,Delivered,199.99,83
11-11-2024,Pennie,Smartwatch,Broadway,Delivered,5.99,86
8/27/2024,Hyacinthe,Smartwatch,Blazdell,Delivered,29.99,4
10/18/2024,Faulkner,Wall Art,Gradwell,Delivered,5.99,91
4/28/2025,Letta,Air Fryer,Opdenort,Delivered,19.99,64
02-03-2025,Marcella,Smartwatch,Voden,Delivered,4.99,23
10/27/2024,Christean,Wall Art,D'Ambrogi,Delivered,29.99,98
7/24/2025,Patricia,Candle-Making Kit,Laroze,Delivered,3.59,65
8/29/2024,Alair,Knitting Set,Placstone,Delivered,39.99,49
4/23/2025,Clio,Wireless Earbuds,Tilmouth,Delivered,2.59,86
7/23/2025,Denyse,Wireless Earbuds,Sedgwick,Delivered,2.99,57
11-08-2024,Susana,Smartwatch,Barnewelle,Delivered,11.99,32
5/14/2025,Valentino,Smartphone,Blinkhorn,Delivered,34.99,70
5/16/2025,Laurel,Paint-by-Numbers Kit,Chrismas,Delivered,2.79,29
4/21/2025,Micheline,Wireless Earbuds,Espinho,Delivered,4.99,8
08-03-2025,Iris,Knitting Set,Bissett,Delivered,4.49,29
7/25/2025,Jessa,Vegetable Spiralizer,Penritt,Delivered,14.99,57
2/22/2025,Christoffer,Wall Art,Stearndale,Delivered,59.99,95
1/20/2025,Burr,Paint-by-Numbers Kit,Dahill,Delivered,7.99,75
12/26/2024,Piggy,Silicone Baking Mat,Langdale,Delivered,4.89,95
07-09-2025,Arabel,Silicone Baking Mat,Bittany,Delivered,29.99,4
10-07-2024,Skylar,Air Fryer,Bonhome,Delivered,2.99,95
11/19/2024,Kandace,Wireless Earbuds,Dabner,Delivered,24.99,70
11/21/2024,Hube,Air Fryer,Luton,Delivered,7.49,95
03-08-2025,Mead,Wall Art,Lillegard,Delivered,49.99,96
11/18/2024,Jada,Silicone Baking Mat,Fransoni,Delivered,3.99,87
9/27/2024,Garik,Knitting Set,Shatliff,Delivered,29.99,26
10-11-2024,Ephraim,Paint-by-Numbers Kit,Liddyard,Delivered,4.49,8
11/28/2024,Jyoti,Smartphone,Dudderidge,Delivered,3.19,2
4/27/2025,Boigie,Vegetable Spiralizer,Corss,Delivered,18.99,100
6/15/2025,Gradeigh,Vegetable Spiralizer,Weatherburn,Delivered,19.99,37
10-06-2024,Norine,Air Fryer,McGeoch,Delivered,29.99,22
5/23/2025,Charin,Vegetable Spiralizer,Lyster,Delivered,19.99,63
4/20/2025,Sharyl,Candle-Making Kit,Stych,Delivered,79.99,7
10/17/2024,Ibrahim,Vegetable Spiralizer,Padbery,Delivered,2.49,77
4/16/2025,Yvette,Wall Art,Troyes,Delivered,3.99,96
5/23/2025,Arie,Candle-Making Kit,Landsborough,Delivered,69.99,33
6/26/2025,Conchita,Silicone Baking Mat,Birkett,Delivered,24.99,98
02-01-2025,Rafael,Paint-by-Numbers Kit,Ronci,Delivered,19.99,100
6/27/2025,Lia,Wall Art,Deniso,Delivered,1.49,85
11/16/2024,Nil,Vegetable Spiralizer,Ballard,Delivered,12.99,10
3/28/2025,Maynord,Silicone Baking Mat,Osgordby,Delivered,59.99,87
11/25/2024,Meade,Paint-by-Numbers Kit,Chivers,Delivered,19.99,68
2/23/2025,Prudence,Knitting Set,Hanster,Delivered,1.79,81
09-03-2024,Damiano,Wall Art,Wroe,Delivered,3.49,35
3/23/2025,Stevena,Wireless Earbuds,Minshaw,Delivered,4.99,96
4/27/2025,Dulcea,Smartwatch,Braden,Delivered,12.99,36
12-08-2024,Lauretta,Smartwatch,Saldler,Delivered,34.99,80
12/24/2024,Gardner,Air Fryer,Lukacs,Delivered,4.99,66
5/16/2025,Torie,Candle-Making Kit,Benes,Delivered,19.99,17
8/28/2024,Myrah,Knitting Set,Tomlin,Delivered,5.99,22
10/27/2024,Andie,Wall Art,Erskine,Delivered,4.99,99
12/15/2024,Loni,Wall Art,Robertz,Delivered,4.49,69
3/25/2025,Caddric,Wireless Earbuds,Couroy,Delivered,49.99,6
10/14/2024,Kari,Silicone Baking Mat,Grishinov,Delivered,5.49,20
12-01-2024,Horten,Wireless Earbuds,Boffey,Delivered,12.99,65
12/26/2024,Maddie,Air Fryer,Dinning,Delivered,8.99,77
09-05-2024,Brett,Silicone Baking Mat,Heineke,Delivered,2.99,16
5/22/2025,Rog,Knitting Set,Nowell,Delivered,2.49,96
4/22/2025,Marven,Silicone Baking Mat,Bottleson,Delivered,39.99,20
09-05-2024,Marcille,Paint-by-Numbers Kit,Knapp,Delivered,39.99,17
4/19/2025,Dolores,Candle-Making Kit,Dudney,Delivered,49.99,3
5/19/2025,Kimmi,Wireless Earbuds,Cottey,Delivered,39.99,49
4/20/2025,Kerwinn,Knitting Set,Wood,Delivered,5.99,22
3/16/2025,Valaria,Silicone Baking Mat,Bleacher,Delivered,2.99,48
02-06-2025,Gwennie,Smartphone,Guslon,Delivered,5.49,51
3/13/2025,Chrotoem,Air Fryer,Bazelle,Delivered,39.99,70
06-03-2025,Garland,Wall Art,Koene,Delivered,29.99,59
08-05-2025,Maybelle,Knitting Set,Clancey,Delivered,59.99,14
12-06-2024,Grier,Wall Art,Groarty,Delivered,5.29,27
6/30/2025,Rebecca,Air Fryer,Danihel,Delivered,18.99,6
3/18/2025,Elbert,Knitting Set,Gaiford,Delivered,19.99,26
12-12-2024,Hercules,Vegetable Spiralizer,Oglethorpe,Delivered,3.29,92
08-03-2025,Flory,Smartwatch,Snowdon,Delivered,3.29,74
7/19/2025,Emerson,Vegetable Spiralizer,Kopmann,Delivered,1.29,73
8/28/2024,Juliann,Smartphone,Allgood,Delivered,2.99,29
03-07-2025,Kristel,Vegetable Spiralizer,Gabby,Delivered,22.99,14
01-12-2025,Rosaline,Paint-by-Numbers Kit,Tildesley,Delivered,29.99,59
9/17/2024,Oralla,Paint-by-Numbers Kit,Twiggs,Delivered,34.99,39
1/24/2025,Catherine,Wireless Earbuds,Benting,Delivered,3.99,14
1/15/2025,Jonie,Vegetable Spiralizer,Rentilll,Delivered,2.99,30
11/18/2024,Carter,Vegetable Spiralizer,Guinery,Delivered,1.29,1
6/18/2025,Georgianne,Candle-Making Kit,Cosgrive,Delivered,89.99,67
12-10-2024,Bucky,Smartphone,Irce,Delivered,19.99,42
4/23/2025,Curcio,Paint-by-Numbers Kit,Diggens,Delivered,4.99,30
02-08-2025,Cosimo,Silicone Baking Mat,Glyne,Delivered,199.99,5
12/18/2024,Harlan,Vegetable Spiralizer,Alibone,Delivered,5.99,95
9/30/2024,Karlie,Wireless Earbuds,Horburgh,Delivered,29.99,88
1/25/2025,Jean,Vegetable Spiralizer,MacCahee,Delivered,3.99,2
03-11-2025,Cyndie,Paint-by-Numbers Kit,Trevaskis,Delivered,15.99,3
01-06-2025,Caryl,Air Fryer,Glanester,Delivered,3.29,98
3/17/2025,Eleonore,Smartphone,Pardey,Delivered,8.99,69
7/22/2025,Glenda,Vegetable Spiralizer,Klimke,Delivered,79.99,40
11/30/2024,Sharron,Knitting Set,Ellyatt,Delivered,6.49,69
8/25/2024,Thebault,Candle-Making Kit,Houldcroft,Delivered,2.89,58
1/15/2025,Vanya,Paint-by-Numbers Kit,Copelli,Delivered,29.99,77
9/14/2024,Dilly,Smartwatch,Occleshaw,Delivered,29.99,30
10/24/2024,Emmeline,Silicone Baking Mat,Johns,Delivered,22.99,91
08-10-2024,Horatio,Wall Art,Orrobin,Delivered,29.99,66
12-09-2024,Brent,Wall Art,Deverick,Delivered,4.79,100
7/18/2025,Josefina,Air Fryer,Hazael,Delivered,39.99,68
12/25/2024,Janeta,Silicone Baking Mat,Cassells,Delivered,29.99,61
03-05-2025,Nolly,Air Fryer,Kainz,Delivered,7.19,75
1/17/2025,Lotty,Smartphone,MacDermott,Delivered,9.99,77
12/21/2024,Ellary,Paint-by-Numbers Kit,Rathe,Delivered,15.99,56
4/15/2025,Dina,Candle-Making Kit,Tait,Delivered,24.99,35
9/26/2024,Antone,Candle-Making Kit,Betteridge,Delivered,39.99,91
2/22/2025,Maximilien,Knitting Set,Eyckelbeck,Delivered,3.29,22
08-01-2025,Zollie,Candle-Making Kit,McDonogh,Delivered,3.29,17
7/21/2025,Perkin,Wireless Earbuds,Bradnum,Delivered,9.99,26
5/31/2025,Dene,Vegetable Spiralizer,Hutfield,Delivered,4.49,18
06-10-2025,Dacey,Silicone Baking Mat,Littell,Delivered,5.99,35
04-06-2025,Kit,Paint-by-Numbers Kit,Onraet,Delivered,5.49,16
8/28/2024,Rora,Silicone Baking Mat,Estrella,Delivered,1.99,19
03-12-2025,Kurtis,Candle-Making Kit,Macvain,Delivered,3.29,75
8/29/2024,Brewer,Paint-by-Numbers Kit,Heiss,Delivered,3.99,98
8/19/2024,Mike,Wall Art,Daniele,Delivered,5.99,42
9/26/2024,Jordan,Wall Art,Kelinge,Delivered,22.99,26
3/20/2025,Loree,Knitting Set,Storks,Delivered,4.49,40
4/17/2025,Jammal,Silicone Baking Mat,Boddie,Delivered,59.99,2
03-06-2025,Hyacintha,Air Fryer,Scocroft,Delivered,4.49,22
12-01-2024,Luciano,Silicone Baking Mat,Harring,Delivered,89.99,5
05-02-2025,Amelia,Vegetable Spiralizer,Silly,Delivered,2.99,46
2/27/2025,Tadeas,Smartwatch,Drillot,Delivered,49.99,2
9/30/2024,Dotti,Knitting Set,O'Loughane,Delivered,7.99,59
2/22/2025,Jacinda,Paint-by-Numbers Kit,Wooler,Delivered,8.99,87
7/21/2025,Victoir,Wireless Earbuds,Hulett,Delivered,44.99,72
9/24/2024,Dolly,Smartphone,Cowndley,Delivered,2.49,18
2/20/2025,Wallache,Smartwatch,Jorio,Delivered,29.99,81
05-04-2025,Uriel,Vegetable Spiralizer,Quince,Delivered,8.99,52
5/23/2025,Kipp,Wireless Earbuds,Boyd,Delivered,3.49,79
5/23/2025,Augustin,Vegetable Spiralizer,Gebby,Delivered,29.99,58
12/19/2024,Denys,Paint-by-Numbers Kit,Wharrier,Delivered,2.59,50
05-06-2025,Elsy,Smartphone,Sarchwell,Delivered,3.99,99
12/26/2024,Freeman,Silicone Baking Mat,Tomovic,Delivered,3.99,42
3/14/2025,Diandra,Smartwatch,McGow,Delivered,2.49,75
9/25/2024,Carlota,Smartwatch,Berthe,Delivered,24.99,79
05-03-2025,Candida,Paint-by-Numbers Kit,Wildman,Delivered,3.79,100
01-06-2025,Barbara-anne,Candle-Making Kit,Templar,Delivered,59.99,82
9/17/2024,Gianni,Smartwatch,Wadesworth,Delivered,2.49,12
6/28/2025,Eleanore,Wall Art,Denk,Delivered,9.99,3
9/17/2024,Ella,Smartwatch,Olufsen,Delivered,2.49,25
10/17/2024,Nan,Candle-Making Kit,Sides,Delivered,4.99,47
03-10-2025,Sonia,Candle-Making Kit,Addis,Delivered,19.99,21
3/16/2025,Hetti,Silicone Baking Mat,Medling,Delivered,4.99,93
7/24/2025,Deb,Silicone Baking Mat,Hoppner,Delivered,3.29,19
5/27/2025,Erv,Air Fryer,Barnaby,Delivered,2.99,13
1/17/2025,Gerladina,Vegetable Spiralizer,Seviour,Delivered,4.29,64
11/22/2024,Sandi,Silicone Baking Mat,Strongitharm,Delivered,39.99,37
06-06-2025,Christalle,Smartwatch,Crampsy,Delivered,2.49,43
7/24/2025,Wait,Candle-Making Kit,Welford,Delivered,12.99,28
12/15/2024,Pen,Air Fryer,McIlory,Delivered,4.99,67
4/24/2025,Bent,Candle-Making Kit,Lacase,Delivered,14.99,74
5/26/2025,Brandais,Paint-by-Numbers Kit,Howlin,Delivered,4.49,45
4/16/2025,Munroe,Wall Art,Philpots,Delivered,18.99,51
9/17/2024,Dalenna,Smartphone,McDill,Delivered,39.99,43
7/28/2025,Neal,Candle-Making Kit,Enderwick,Delivered,49.99,28
4/30/2025,Bax,Vegetable Spiralizer,Bassindale,Delivered,179.99,2
12/21/2024,Nelie,Vegetable Spiralizer,L'Episcopi,Delivered,24.99,43
6/15/2025,Willette,Vegetable Spiralizer,Payley,Delivered,89.99,43
11-01-2024,Lane,Wall Art,Upstell,Delivered,34.99,72
11/15/2024,Jordain,Vegetable Spiralizer,Matfin,Delivered,59.99,41
05-05-2025,Leola,Knitting Set,Bumford,Delivered,19.99,29
1/14/2025,Sven,Wall Art,Bendan,Delivered,39.99,65
10/29/2024,Enrika,Smartwatch,Shadrach,Delivered,299.99,86
10/20/2024,Tailor,Vegetable Spiralizer,Norsworthy,Delivered,39.99,40
04-12-2025,Afton,Silicone Baking Mat,Larimer,Delivered,59.99,66
09-01-2024,Kacey,Air Fryer,Sacher,Delivered,0.79,81
2/14/2025,Almeda,Paint-by-Numbers Kit,Burgwyn,Delivered,4.19,84
10/13/2024,Trude,Candle-Making Kit,Beckhouse,Delivered,22.99,44
3/19/2025,Roch,Vegetable Spiralizer,Tenniswood,Delivered,2.49,20
06-12-2025,Gloriana,Smartwatch,Simoncello,Delivered,5.49,74
1/20/2025,Jorey,Air Fryer,Gowdridge,Delivered,6.49,67
3/18/2025,Trevor,Air Fryer,Sibery,Delivered,6.49,10
3/20/2025,Cati,Paint-by-Numbers Kit,Maasz,Delivered,24.99,34
10-02-2024,Romy,Silicone Baking Mat,Matthis,Delivered,26.99,32
2/22/2025,Hugues,Smartphone,Leve,Delivered,6.49,55
12/17/2024,Cam,Knitting Set,Rudge,Delivered,1.99,23
10-08-2024,Erwin,Wall Art,Dunbavin,Delivered,22,49
05-05-2025,Fabien,Candle-Making Kit,Dutnall,Delivered,3.49,1
01-04-2025,Johnna,Air Fryer,McCague,Delivered,25.99,25
09-11-2024,Netty,Wall Art,holmes,Delivered,2.99,43
11/20/2024,Gerianna,Wireless Earbuds,Pesselt,Delivered,4.99,14
9/16/2024,Helga,Vegetable Spiralizer,Coathup,Delivered,29.99,73
7/17/2025,Henrie,Smartphone,Ecles,Delivered,4.79,45
02-03-2025,Shelley,Air Fryer,Sutcliffe,Delivered,4.99,22
5/16/2025,Danit,Silicone Baking Mat,Kinset,Delivered,5.49,1
04-12-2025,Leodora,Paint-by-Numbers Kit,Cassar,Delivered,49.99,1
10/30/2024,Anatola,Paint-by-Numbers Kit,Childrens,Delivered,7.99,87
03-06-2025,Crysta,Wireless Earbuds,Roly,Delivered,3.99,38
12-12-2024,Leonhard,Wall Art,Di Biaggi,Delivered,2.99,5
02-11-2025,Goldia,Silicone Baking Mat,Foxten,Delivered,15.99,42
3/31/2025,Garrick,Vegetable Spiralizer,Lethebridge,Delivered,2.99,23
04-04-2025,Agnesse,Vegetable Spiralizer,Gauvain,Delivered,2.99,90
2/28/2025,Iago,Candle-Making Kit,Holworth,Delivered,39.99,5
9/17/2024,Kennith,Knitting Set,Glastonbury,Delivered,19.99,38
10-03-2024,Teddie,Air Fryer,MacGinlay,Delivered,2.99,9
7/20/2025,Riannon,Knitting Set,Ireson,Delivered,1.99,26
06-08-2025,Balduin,Air Fryer,Bertwistle,Delivered,8.99,60
8/13/2024,Theodora,Air Fryer,O'Shesnan,Delivered,39.99,62
12/27/2024,Orly,Wall Art,Sentance,Delivered,14.99,28
01-04-2025,Noni,Wall Art,Segeswoeth,Delivered,3.99,35
10-12-2024,Margaux,Air Fryer,Mingardo,Delivered,3.69,67
8/19/2024,Bern,Paint-by-Numbers Kit,Rozea,Delivered,49.99,10
09-04-2024,Birch,Air Fryer,Buttel,Delivered,4.99,55
7/31/2025,Gerardo,Vegetable Spiralizer,Elvins,Delivered,14.99,31
06-08-2025,Braden,Air Fryer,Coker,Delivered,3.99,33
10/25/2024,Mort,Smartwatch,Claxson,Delivered,89.99,92
12-06-2024,Bobbye,Silicone Baking Mat,Cowley,Delivered,3.79,7
05-02-2025,Felicio,Smartwatch,Ruckledge,Delivered,9.99,11
11/23/2024,Quintilla,Wireless Earbuds,Ogborne,Delivered,29.99,85
11/30/2024,Joby,Smartphone,Taplow,Delivered,9.99,64
11-09-2024,Jodie,Wireless Earbuds,Rawnsley,Delivered,2.19,94
5/28/2025,Graham,Wireless Earbuds,Nock,Delivered,12.99,36
05-07-2025,Pauly,Candle-Making Kit,Burdfield,Delivered,59.99,19
11-02-2024,Caterina,Vegetable Spiralizer,Calf,Delivered,39.99,3
05-07-2025,Jozef,Paint-by-Numbers Kit,McVanamy,Delivered,15.99,49
5/31/2025,Archy,Paint-by-Numbers Kit,Donwell,Delivered,199.99,73
10/17/2024,Prent,Silicone Baking Mat,Armytage,Delivered,29.99,60
5/22/2025,Clair,Wall Art,Benian,Delivered,4.99,7
4/18/2025,Ardyce,Smartwatch,Haffard,Delivered,3.49,81
12/20/2024,Minette,Knitting Set,Chastelain,Delivered,29.99,56
12/31/2024,Britney,Paint-by-Numbers Kit,Kleinbaum,Delivered,5.99,90
8/16/2024,Waneta,Smartphone,Lowy,Delivered,39.99,66
8/13/2024,Penni,Smartwatch,Osburn,Delivered,3.19,88
03-11-2025,Maud,Smartphone,Knappen,Delivered,99.99,36
06-12-2025,Jaclin,Knitting Set,Halle,Delivered,34.99,39
8/18/2024,Ninetta,Knitting Set,Sharple,Delivered,4.99,99
1/21/2025,Mendy,Knitting Set,Petyanin,Delivered,39.99,50
11/27/2024,Heath,Wireless Earbuds,Fitton,Delivered,3.29,66
12/19/2024,Marcos,Smartphone,Hunston,Delivered,2.99,68
11-03-2024,Willette,Knitting Set,Farington,Delivered,199,31
10-06-2024,Stefania,Air Fryer,Oglesbee,Delivered,29.99,48
08-01-2025,Hamel,Knitting Set,Truett,Delivered,3.59,76
02-03-2025,Jody,Wall Art,Hinkins,Delivered,29.99,47
5/28/2025,Brocky,Air Fryer,Sedcole,Delivered,2.99,48
1/15/2025,Fionnula,Air Fryer,Skade,Delivered,69.99,72
04-05-2025,Fleurette,Wall Art,Japp,Delivered,8.99,75
12/22/2024,Dorian,Paint-by-Numbers Kit,Merriton,Delivered,7.99,100
9/30/2024,Jarrad,Air Fryer,Orbon,Delivered,39.99,6
06-12-2025,Angelika,Wall Art,Clowney,Delivered,3.99,97
02-04-2025,Clair,Silicone Baking Mat,Allbrook,Delivered,79.99,69
08-09-2024,Marylinda,Smartwatch,Dallyn,Delivered,19.99,69
3/23/2025,Kerry,Smartwatch,Aitchinson,Delivered,12.99,12
11-05-2024,Orran,Smartwatch,Chalcraft,Delivered,39.99,6
4/19/2025,Oralee,Silicone Baking Mat,Buntine,Delivered,5.49,66
06-10-2025,Oneida,Vegetable Spiralizer,Wincer,Delivered,6.49,62
4/19/2025,Jessamine,Wireless Earbuds,Fragino,Delivered,12.99,7
12/25/2024,Vincenty,Candle-Making Kit,Garett,Delivered,4.99,48
10/18/2024,Israel,Knitting Set,Polding,Delivered,34.99,50
03-06-2025,Julee,Silicone Baking Mat,McIlwraith,Delivered,3.59,39
8/20/2024,Ephrem,Air Fryer,Morforth,Delivered,4.99,68
09-06-2024,Bonny,Candle-Making Kit,de la Tremoille,Delivered,15.99,90
04-05-2025,Germaine,Smartwatch,Hearst,Delivered,1.99,31
2/24/2025,Finlay,Smartphone,Rutley,Delivered,2.49,4
9/21/2024,Margaretta,Smartphone,Royson,Delivered,14.99,73
2/23/2025,Kingsley,Wall Art,Bugden,Delivered,4.99,44
8/29/2024,Vin,Wireless Earbuds,Broughton,Delivered,39.99,53
09-10-2024,Vickie,Smartphone,Goadbie,Delivered,24.99,75
07-01-2025,Rosy,Vegetable Spiralizer,Poultney,Delivered,19.99,56
6/20/2025,Rochella,Knitting Set,Fuke,Delivered,12.99,72
7/24/2025,Hedvig,Air Fryer,Van Der Hoog,Delivered,2.49,46
7/20/2025,Billie,Knitting Set,Blanckley,Delivered,19.99,94
07-12-2025,Collette,Vegetable Spiralizer,Mariet,Delivered,2.79,84
09-12-2024,Drusi,Knitting Set,Rewcastle,Delivered,3.99,31
06-11-2025,Ketty,Wireless Earbuds,Calcraft,Delivered,24.99,78
8/22/2024,Mathian,Air Fryer,L'oiseau,Delivered,5.99,76
07-07-2025,Barri,Vegetable Spiralizer,Dreini,Delivered,4.99,37
12/28/2024,Jose,Air Fryer,Quernel,Delivered,5.49,72
10/31/2024,Gussi,Air Fryer,Murra,Delivered,14.99,90
09-03-2024,Olympia,Smartphone,Sobtka,Delivered,4.99,48
07-10-2025,Marrissa,Candle-Making Kit,Dunstan,Delivered,3.29,8
1/13/2025,Keelia,Vegetable Spiralizer,Oselton,Delivered,5.99,42
7/14/2025,Sylas,Candle-Making Kit,McNicol,Delivered,3.19,29
12/14/2024,Gill,Smartphone,Hardbattle,Delivered,59.99,98
2/28/2025,Olivette,Wall Art,Scurrell,Delivered,1.49,61
11/27/2024,Michele,Air Fryer,Epps,Delivered,2.49,91
11-06-2024,Ransell,Air Fryer,Le Port,Delivered,39.99,35
10-10-2024,Vivia,Smartwatch,Darrington,Delivered,3.99,23
1/15/2025,Miguela,Vegetable Spiralizer,Reicharz,Delivered,15.99,20
10/13/2024,Odo,Knitting Set,Hounsome,Delivered,12.99,58
9/18/2024,Bernard,Vegetable Spiralizer,Metschke,Delivered,15.99,73
02-11-2025,Scot,Silicone Baking Mat,Gabala,Delivered,5.49,31
8/30/2024,Felicia,Smartphone,Tittershill,Delivered,3.49,38
11-05-2024,Nealon,Candle-Making Kit,Teers,Delivered,4.49,60
6/20/2025,Eveline,Wireless Earbuds,Spaule,Delivered,5.99,76
7/16/2025,Carlene,Air Fryer,Tunstall,Delivered,4.99,33
02-04-2025,Antonio,Vegetable Spiralizer,Rees,Delivered,3.49,60
7/27/2025,Koral,Knitting Set,Boscott,Delivered,1.99,60
03-06-2025,Sarina,Paint-by-Numbers Kit,Willimont,Delivered,34.99,91
10/15/2024,Romeo,Smartphone,Ilbert,Delivered,4.99,83
7/23/2025,Madelina,Wireless Earbuds,Kettel,Delivered,3.49,92
7/17/2025,Adrea,Smartphone,Dary,Delivered,19.99,53
08-08-2025,Chick,Smartwatch,Drohan,Delivered,12.99,77
10/29/2024,Jacinta,Vegetable Spiralizer,Piet,Delivered,4.99,12
12-06-2024,Inglis,Paint-by-Numbers Kit,Beales,Delivered,39.99,10
8/27/2024,Loise,Knitting Set,Butters,Delivered,2.99,82
6/16/2025,Cristabel,Knitting Set,Bamb,Delivered,3.99,82
12-01-2024,Patton,Vegetable Spiralizer,Zimek,Delivered,14.99,87
12-02-2024,Balduin,Smartphone,Ketchell,Delivered,24.99,37
8/25/2024,Bendite,Air Fryer,Scading,Delivered,2.59,4
9/22/2024,Blanche,Paint-by-Numbers Kit,Bourcq,Delivered,2.79,79
3/31/2025,Wesley,Silicone Baking Mat,Clemonts,Delivered,39.99,99
2/14/2025,Aidan,Wireless Earbuds,Dearman,Delivered,24.99,95
06-08-2025,Golda,Smartwatch,Winstone,Delivered,1.29,89
03-10-2025,Billye,Wireless Earbuds,Havock,Delivered,14.99,5
11-06-2024,Arabel,Air Fryer,Hubert,Delivered,3.29,4
11/24/2024,Liliane,Air Fryer,Cordeiro,Delivered,7.99,66
3/24/2025,Jolie,Smartwatch,Slym,Delivered,19.99,71
01-11-2025,Georas,Silicone Baking Mat,Aberkirdo,Delivered,4.29,35
09-05-2024,Kaile,Paint-by-Numbers Kit,Holburn,Delivered,39.99,20
7/31/2025,Cherida,Air Fryer,Terzza,Delivered,1.99,23
02-07-2025,Freeland,Smartwatch,Cayette,Delivered,24.99,6
07-12-2025,Levi,Candle-Making Kit,Thouless,Delivered,19.99,61
10/20/2024,Lorita,Wall Art,Francomb,Delivered,69.99,38
11-09-2024,Minny,Knitting Set,Upstone,Delivered,5.29,28
11/27/2024,Dougy,Air Fryer,Tampin,Delivered,4.49,88
7/28/2025,Erinn,Candle-Making Kit,Yitzhok,Delivered,1.99,23
3/30/2025,Shaylah,Air Fryer,Matelyunas,Delivered,34.99,72
6/27/2025,Jessalin,Smartwatch,Ritchie,Delivered,10.99,53
6/19/2025,Amanda,Candle-Making Kit,Packington,Delivered,29.99,6
6/14/2025,Janith,Silicone Baking Mat,Kondratyuk,Delivered,3.49,79
8/26/2024,Kellsie,Candle-Making Kit,Jenne,Delivered,34.99,51
5/25/2025,Nell,Paint-by-Numbers Kit,Birkinshaw,Delivered,29.99,13
10/24/2024,Gates,Air Fryer,Murfin,Delivered,1.89,31
4/28/2025,Patin,Knitting Set,Madders,Delivered,24.99,89
8/13/2024,Brigg,Vegetable Spiralizer,Brownbridge,Delivered,4.29,55
10/25/2024,Maximilian,Silicone Baking Mat,Flohard,Delivered,9.99,2
2/20/2025,Dre,Air Fryer,Brandel,Delivered,29.99,73
1/20/2025,Deeanne,Smartphone,Hartright,Delivered,5.99,57
3/18/2025,Jimmie,Candle-Making Kit,Menis,Delivered,5.89,68
8/23/2024,Alexandra,Wall Art,McCalum,Delivered,7.99,43
07-03-2025,Ame,Candle-Making Kit,Golledge,Delivered,149.99,10
5/17/2025,Kennie,Air Fryer,Arderne,Delivered,29.99,62
1/26/2025,Pippo,Knitting Set,Parke,Delivered,79.99,67
05-03-2025,Schuyler,Vegetable Spiralizer,Sooley,Delivered,5.99,12
07-04-2025,Dorice,Air Fryer,Gilberthorpe,Delivered,2.49,5
7/14/2025,Hill,Vegetable Spiralizer,Norster,Delivered,34.99,2
4/17/2025,Octavius,Smartphone,Padilla,Delivered,3.79,35
03-01-2025,Nicolina,Knitting Set,Bunney,Delivered,4.99,13
08-10-2024,Nico,Knitting Set,Austins,Delivered,3.79,18
02-07-2025,Zebulen,Knitting Set,Gornal,Delivered,3.99,47
09-03-2024,Aime,Wall Art,Whittock,Delivered,3.49,15
12/14/2024,Dita,Air Fryer,Pennyman,Delivered,34.99,41
3/17/2025,Moina,Smartwatch,Vallis,Delivered,1.69,88
07-12-2025,Nye,Paint-by-Numbers Kit,Weddeburn,Delivered,4.99,42
8/31/2024,Willie,Wireless Earbuds,Haliburn,Delivered,79.99,71
06-03-2025,Pascal,Candle-Making Kit,Reddan,Delivered,34.99,88
1/17/2025,Jackie,Silicone Baking Mat,Leitch,Delivered,3.49,90
6/15/2025,Theodosia,Smartwatch,Hannis,Delivered,24.99,58
4/15/2025,Robenia,Smartwatch,Simonot,Delivered,129.99,8
07-01-2025,Hynda,Wireless Earbuds,Presidey,Delivered,6.49,46
10-05-2024,Mahmoud,Smartphone,Crichton,Delivered,3.49,99
11/23/2024,Meta,Vegetable Spiralizer,Gehrts,Delivered,12.99,25
09-08-2024,Loydie,Paint-by-Numbers Kit,Vedyaev,Delivered,8.99,4
10-07-2024,Etheline,Vegetable Spiralizer,Bonavia,Delivered,4.49,99
12-11-2024,Jonathon,Wall Art,Kerss,Delivered,2.99,89
11-05-2024,Janos,Smartphone,Deeves,Delivered,3.49,91
01-08-2025,Shaylyn,Silicone Baking Mat,Rubbens,Delivered,1.49,37
8/19/2024,Hana,Silicone Baking Mat,Craythorn,Delivered,6.49,38
07-09-2025,Xylina,Knitting Set,Top,Delivered,4.49,66
12-03-2024,Sabra,Smartwatch,Faltin,Delivered,4.99,85
09-02-2024,Fonz,Air Fryer,Winckle,Delivered,12.99,82
1/26/2025,Zsa zsa,Smartphone,Harston,Delivered,39.99,54
3/29/2025,Jannel,Paint-by-Numbers Kit,Bennough,Delivered,69.99,96
07-03-2025,Sharyl,Air Fryer,Rougier,Delivered,6.49,61
8/13/2024,Caressa,Wireless Earbuds,Jedrachowicz,Delivered,22.99,37
3/15/2025,Truda,Smartwatch,Grinin,Delivered,2.49,7
8/28/2024,Kevyn,Wall Art,Tallet,Delivered,15.99,94
8/27/2024,Sheffy,Vegetable Spiralizer,O'Corhane,Delivered,29.99,49
12/30/2024,Corina,Wireless Earbuds,Stanger,Delivered,6.99,98
10/27/2024,Dayle,Vegetable Spiralizer,Bulpitt,Delivered,3.49,12
02-09-2025,Estell,Candle-Making Kit,Cadogan,Delivered,15.99,56
9/19/2024,Manda,Smartphone,Plait,Delivered,3.99,17
1/26/2025,Vasili,Candle-Making Kit,Wagen,Delivered,4.59,24
11/21/2024,Jule,Wireless Earbuds,Spensley,Delivered,12.99,16
6/18/2025,Shirleen,Smartwatch,Geerdts,Delivered,29.99,76
9/16/2024,Lorinda,Wireless Earbuds,Roly,Delivered,299.99,100
11/24/2024,Alethea,Silicone Baking Mat,McDugal,Delivered,1.99,66
01-06-2025,Wandie,Smartwatch,Beste,Delivered,49.99,64
02-01-2025,Benoit,Smartphone,Turbat,Delivered,24.99,99
04-12-2025,Chevalier,Wireless Earbuds,O'Growgane,Delivered,3.99,57
11/29/2024,Misha,Wireless Earbuds,Todaro,Delivered,3.59,20
6/18/2025,Symon,Knitting Set,Dando,Delivered,39.99,74
7/25/2025,Angil,Air Fryer,Faulkner,Delivered,2.49,92
06-12-2025,Alvin,Vegetable Spiralizer,Le Gallo,Delivered,3.29,31
1/29/2025,Clarance,Air Fryer,Pheazey,Delivered,3.29,81
3/30/2025,Vin,Wall Art,Carwithan,Delivered,3.99,89
10/14/2024,Silvia,Vegetable Spiralizer,Carbery,Delivered,59.99,93
12/20/2024,Myca,Smartphone,MacDwyer,Delivered,299.99,85
06-08-2025,Nerita,Vegetable Spiralizer,Brydie,Delivered,4.49,47
11/30/2024,Dorette,Smartwatch,Rawstorn,Delivered,79.99,15
8/17/2024,Kleon,Wall Art,Langeren,Delivered,14.99,79
5/29/2025,Fax,Vegetable Spiralizer,Corcoran,Delivered,1.5,30
5/25/2025,Tyrus,Wireless Earbuds,Mansion,Delivered,2.49,92
11-11-2024,Olag,Smartwatch,Kilty,Delivered,3.49,33
11/16/2024,Aurthur,Wall Art,Hefner,Delivered,99.99,8
3/18/2025,Hatty,Paint-by-Numbers Kit,Klouz,Delivered,3.49,1
1/24/2025,Phillida,Vegetable Spiralizer,Skelton,Delivered,49.99,23
10/20/2024,Nertie,Smartphone,Haensel,Delivered,14.99,5
04-02-2025,Juditha,Silicone Baking Mat,Glasper,Delivered,39.99,59
4/19/2025,Burlie,Smartwatch,Parrott,Delivered,29.99,35
2/24/2025,Demetre,Paint-by-Numbers Kit,Guierre,Delivered,19.99,48
10-05-2024,Rebeca,Paint-by-Numbers Kit,Touzey,Delivered,3.49,40
8/31/2024,Karin,Wireless Earbuds,Peltzer,Delivered,149.99,40
6/23/2025,Junina,Wall Art,Tilston,Delivered,9.99,94
6/13/2025,Eirena,Vegetable Spiralizer,Paull,Delivered,39.99,71
8/22/2024,Celinka,Knitting Set,Macken,Delivered,34.99,21
2/22/2025,Fidelity,Smartphone,Camilleri,Delivered,32.99,96
02-02-2025,Efrem,Silicone Baking Mat,Chatteris,Delivered,2.99,3
2/16/2025,Ev,Paint-by-Numbers Kit,Calbaithe,Delivered,89.99,7
6/18/2025,Nessa,Candle-Making Kit,Unitt,Delivered,19.99,88
6/27/2025,Ephraim,Wall Art,Pearcey,Delivered,39.99,62
10-06-2024,Geordie,Smartphone,Torel,Delivered,3.59,58
4/16/2025,Toddie,Vegetable Spiralizer,Shurey,Delivered,4.99,85
5/30/2025,Barth,Smartphone,Tordiffe,Delivered,59.99,94
9/20/2024,Bettye,Knitting Set,Mattin,Delivered,14.99,24
08-07-2025,Ferdinande,Vegetable Spiralizer,Levington,Delivered,34.99,34
06-04-2025,Asher,Vegetable Spiralizer,Belmont,Delivered,3.29,33
9/26/2024,Lettie,Wall Art,Klouz,Delivered,3.59,38
6/29/2025,Deanne,Knitting Set,Arboine,Delivered,2.99,21
5/21/2025,Zarla,Smartphone,Vyse,Delivered,49.99,19
9/14/2024,Legra,Smartphone,Switland,Delivered,1.99,40
3/14/2025,Francis,Air Fryer,Daulton,Delivered,3.69,15
07-08-2025,Claudell,Candle-Making Kit,Schole,Delivered,19.99,81
1/23/2025,Marty,Wall Art,Bollard,Delivered,29.99,46
5/19/2025,Cindi,Wireless Earbuds,Skokoe,Delivered,7.49,51
10-03-2024,Bili,Candle-Making Kit,Grandison,Delivered,3.99,11
2/13/2025,Janela,Knitting Set,Styche,Delivered,12.99,58
12/27/2024,Kellsie,Air Fryer,Graine,Delivered,3.29,18
5/13/2025,Maxwell,Air Fryer,Shillam,Delivered,39.99,56
6/17/2025,Collie,Vegetable Spiralizer,Dibbe,Delivered,3.49,14
3/19/2025,Minette,Air Fryer,Hammerstone,Delivered,6.99,10
6/13/2025,Ange,Smartwatch,Creasey,Delivered,14.99,2
10-12-2024,Dickie,Vegetable Spiralizer,Ducarne,Delivered,8.99,84
6/15/2025,Chad,Smartwatch,Cansdell,Delivered,79.99,24
3/24/2025,Denna,Paint-by-Numbers Kit,Barnett,Delivered,14.99,22
4/19/2025,Thorpe,Vegetable Spiralizer,Elvidge,Delivered,5.99,90
1/27/2025,Pavia,Smartphone,Birdwhistle,Delivered,22.99,46
2/13/2025,Tansy,Air Fryer,McCahey,Delivered,3.49,11
08-01-2025,Curran,Silicone Baking Mat,Plinck,Delivered,3.99,76
10/29/2024,Odele,Wall Art,Gooderick,Delivered,4.49,95
08-01-2025,Karilynn,Wall Art,McGuffie,Delivered,4.49,95
2/21/2025,Ramon,Vegetable Spiralizer,Tanby,Delivered,3.49,81
4/21/2025,Doll,Knitting Set,Yukhnevich,Delivered,39.99,88
5/24/2025,Lannie,Air Fryer,Caple,Delivered,29.99,72
02-09-2025,Elfie,Smartphone,Wagstaffe,Delivered,24.99,4
9/19/2024,Phillip,Paint-by-Numbers Kit,Nise,Delivered,39.99,45
03-01-2025,Lamar,Smartphone,Egel,Delivered,49.99,49
08-03-2025,Bill,Wireless Earbuds,Ensley,Delivered,15.99,84
4/24/2025,Dav,Smartphone,Shippam,Delivered,5.99,80
12-05-2024,Terry,Wall Art,Fordyce,Delivered,3.49,5
11-02-2024,Cary,Smartphone,Palfreman,Delivered,1.99,64
11/30/2024,Consalve,Wall Art,Morewood,Delivered,4.49,1
12/19/2024,Klarika,Silicone Baking Mat,Bessell,Delivered,19.99,41
2/26/2025,Rae,Vegetable Spiralizer,Barwis,Delivered,39.99,66
02-11-2025,Justus,Wireless Earbuds,Colt,Delivered,1.5,99
12/18/2024,Brien,Knitting Set,Watkiss,Delivered,4.99,43
02-08-2025,Pascal,Wall Art,Screwton,Delivered,5.49,97
06-07-2025,Lemar,Knitting Set,Garbutt,Delivered,44.99,35
7/15/2025,Thorn,Air Fryer,Kilgallen,Delivered,44.99,93
01-08-2025,Amii,Wireless Earbuds,Decker,Delivered,89.99,7
02-08-2025,Midge,Smartphone,Lyddon,Delivered,8.99,26
07-11-2025,Sybila,Wireless Earbuds,Hards,Delivered,18.99,52
11/16/2024,Nancey,Air Fryer,de Voiels,Delivered,39.99,68
12/18/2024,Bond,Candle-Making Kit,Struss,Delivered,24.99,80
3/30/2025,Anette,Paint-by-Numbers Kit,Hampshaw,Delivered,44.99,78
12-04-2024,Daniele,Wireless Earbuds,Cestard,Delivered,69.99,4
10-04-2024,Haroun,Candle-Making Kit,Mathy,Delivered,4.49,97
7/25/2025,Jacinda,Air Fryer,Lanigan,Delivered,5.59,52
11/23/2024,Eduard,Smartwatch,Stickells,Delivered,3.99,76
09-04-2024,Murry,Air Fryer,Larratt,Delivered,4.49,22
08-01-2025,Faustina,Vegetable Spiralizer,Blaxill,Delivered,3.99,77
2/25/2025,Corrina,Silicone Baking Mat,Gobbett,Delivered,3.79,20
02-10-2025,Kacey,Smartwatch,Cow,Delivered,3.49,78
4/26/2025,Tarra,Vegetable Spiralizer,Innis,Delivered,2.79,83
06-07-2025,Esme,Vegetable Spiralizer,Surman,Delivered,19.99,19
3/25/2025,Ashly,Knitting Set,Calver,Delivered,24.99,69
06-06-2025,Fielding,Wall Art,Radmore,Delivered,1.5,82
6/17/2025,Tansy,Vegetable Spiralizer,Heasly,Delivered,39.99,73
03-02-2025,Emylee,Silicone Baking Mat,Codd,Delivered,9.99,74
4/28/2025,Jenelle,Knitting Set,Redihalgh,Delivered,29.99,60
7/21/2025,Xylina,Smartphone,Nicholson,Delivered,17.99,6
09-06-2024,Frederica,Wall Art,Tathacott,Delivered,26.99,68
12-09-2024,Karlee,Smartphone,Klosges,Delivered,4.99,26
6/25/2025,Fidel,Vegetable Spiralizer,Oliveira,Delivered,19.99,34
09-01-2024,Urban,Smartphone,Enrich,Delivered,49.99,10
6/25/2025,Mervin,Paint-by-Numbers Kit,Bertholin,Delivered,59.99,5
5/20/2025,Judith,Smartphone,Sawley,Delivered,22.99,75
08-03-2025,Devy,Air Fryer,Amesbury,Delivered,6.99,38
03-08-2025,Duffie,Vegetable Spiralizer,Huot,Delivered,1.99,19
10-03-2024,Mal,Knitting Set,Spacy,Delivered,5.99,42
11/22/2024,Schuyler,Silicone Baking Mat,Crooks,Delivered,2.89,58
2/22/2025,Sabra,Paint-by-Numbers Kit,Hallowes,Delivered,9.49,54
2/15/2025,Yancey,Knitting Set,Scranedge,Delivered,3.99,69
07-02-2025,Lyndsey,Smartphone,Rideout,Delivered,4.49,75
12-05-2024,Terrie,Vegetable Spiralizer,Aslen,Delivered,5.49,8
9/18/2024,Cory,Smartphone,Freschini,Delivered,39.99,40
2/14/2025,Lilly,Wall Art,Boxall,Delivered,2.49,87
2/13/2025,Rana,Knitting Set,Gudgeon,Delivered,4.99,76
02-10-2025,Dulcea,Smartphone,Fosten,Delivered,99.99,73
02-03-2025,Dalton,Wall Art,Writtle,Delivered,4.49,18
11/19/2024,Trixie,Silicone Baking Mat,Fennelly,Delivered,39.99,80
9/29/2024,Nancie,Vegetable Spiralizer,Jordanson,Delivered,5.49,36
12-04-2024,Fergus,Paint-by-Numbers Kit,Waldie,Delivered,4.19,51
12/18/2024,Kylynn,Smartwatch,Towson,Delivered,24.99,42
10/31/2024,Dorry,Smartphone,Badrick,Delivered,4.99,17
4/20/2025,Reuben,Knitting Set,Yockley,Delivered,3.29,93
01-02-2025,Cathrine,Smartwatch,Sinkings,Delivered,10.99,63
12-02-2024,Sybilla,Paint-by-Numbers Kit,Sawtell,Delivered,39.99,46
7/25/2025,Lurette,Knitting Set,Prantl,Delivered,2.59,6
6/24/2025,Pippo,Candle-Making Kit,Massei,Delivered,9.99,2
07-11-2025,Alair,Vegetable Spiralizer,Blackham,Delivered,2.99,2
6/29/2025,Nikki,Candle-Making Kit,Imos,Delivered,24.99,95
8/16/2024,Kellsie,Air Fryer,Burleton,Delivered,3.59,24
9/24/2024,Maryann,Paint-by-Numbers Kit,Corlett,Delivered,24.99,87
6/22/2025,Arley,Candle-Making Kit,Farrand,Delivered,14.99,86
07-08-2025,Hakeem,Smartwatch,Woffinden,Delivered,2.49,41
05-06-2025,Pembroke,Paint-by-Numbers Kit,Pinches,Delivered,79.99,51
4/21/2025,Chris,Wireless Earbuds,Josefsohn,Delivered,1.29,40
7/31/2025,Vasili,Silicone Baking Mat,Bradly,Delivered,29.99,10
7/29/2025,Iggie,Paint-by-Numbers Kit,Mowbray,Delivered,49.99,41
04-10-2025,Sauveur,Wireless Earbuds,Vonderdell,Delivered,3.29,85
09-11-2024,Jerald,Knitting Set,Banes,Delivered,17.99,32
10/16/2024,Lucy,Vegetable Spiralizer,Hevner,Delivered,12.99,53
1/14/2025,Idalina,Knitting Set,Malyj,Delivered,6.99,39
8/15/2024,Millie,Candle-Making Kit,Creavin,Delivered,4.49,42
02-04-2025,Nata,Smartphone,Potts,Delivered,9.99,70
6/24/2025,Natty,Candle-Making Kit,Hovenden,Delivered,39.99,42
2/18/2025,Ursa,Smartphone,Staker,Delivered,44.99,13
7/23/2025,Estrella,Paint-by-Numbers Kit,Brader,Delivered,4.99,1
04-01-2025,Blisse,Air Fryer,Hatzar,Delivered,34.99,72
04-11-2025,Ursala,Knitting Set,Kiggel,Delivered,199.99,30
04-02-2025,Lolita,Paint-by-Numbers Kit,Nisard,Delivered,12.99,58
11/13/2024,Calla,Air Fryer,Screase,Delivered,3.29,93
7/20/2025,Trude,Wall Art,Hatz,Delivered,3.79,12
05-10-2025,Sebastiano,Knitting Set,Fell,Delivered,39.99,1
08-06-2025,Wash,Wall Art,Bettleson,Delivered,199.99,27
12-03-2024,Melania,Wall Art,Bakes,Delivered,22.99,14
09-10-2024,Farra,Candle-Making Kit,Gallamore,Delivered,49.99,92
04-07-2025,Doti,Smartwatch,Stanier,Delivered,14.99,20
10/20/2024,Livvy,Paint-by-Numbers Kit,Paute,Delivered,22.99,6
10-04-2024,Rosemarie,Knitting Set,Schutze,Delivered,4.29,69
7/17/2025,Zonnya,Smartwatch,Prestner,Delivered,5.49,4
10/26/2024,Twyla,Smartwatch,Bulloch,Delivered,129.99,73
02-10-2025,Izabel,Smartphone,Spragge,Delivered,3.49,2
2/27/2025,Antonie,Vegetable Spiralizer,Ahmed,Delivered,29.99,43
10-09-2024,Dyane,Knitting Set,Pandya,Delivered,15.99,32
5/28/2025,Georgeta,Candle-Making Kit,Portt,Delivered,4.99,71
8/16/2024,Lonna,Smartphone,Sisselot,Delivered,3.29,35
10/25/2024,Loria,Silicone Baking Mat,Palphreyman,Delivered,6.99,74
12-01-2024,Lauren,Air Fryer,Fairhead,Delivered,5.49,35
5/16/2025,Quinn,Vegetable Spiralizer,Manville,Delivered,199.99,26
12/13/2024,Constantine,Smartwatch,Ridgers,Delivered,3.99,29
4/18/2025,Rice,Air Fryer,Wagenen,Delivered,2.69,50
5/22/2025,Kial,Vegetable Spiralizer,Iddy,Delivered,99.99,53
12/13/2024,Arlie,Silicone Baking Mat,Setch,Delivered,4.79,3
1/14/2025,Cort,Air Fryer,Steere,Delivered,14.99,44
5/14/2025,Rad,Air Fryer,Crutchley,Delivered,6.29,45
11/16/2024,Cyndie,Vegetable Spiralizer,Woolvett,Delivered,4.29,33
7/22/2025,Carter,Knitting Set,Rusling,Delivered,899.99,15
4/29/2025,Joceline,Vegetable Spiralizer,Curnnok,Delivered,2.49,94
05-08-2025,Timmie,Vegetable Spiralizer,Liggett,Delivered,4.99,29
6/14/2025,Neile,Smartwatch,Schimann,Delivered,27.99,78
6/20/2025,Marjorie,Wall Art,O' Dornan,Delivered,199.99,96
02-11-2025,Murielle,Air Fryer,Strick,Delivered,24.99,96
11/14/2024,Janet,Wall Art,Marple,Delivered,99.99,31
5/16/2025,Marc,Wireless Earbuds,Pochet,Delivered,6.89,81
10/31/2024,Myer,Wall Art,Cuvley,Delivered,4.99,85
09-01-2024,Vinson,Knitting Set,Wytchard,Delivered,4.49,71
11-04-2024,Christie,Candle-Making Kit,Tidball,Delivered,3.99,17
9/26/2024,Ralina,Silicone Baking Mat,Bradshaw,Delivered,4.49,61
9/28/2024,Aldis,Silicone Baking Mat,Geratt,Delivered,99.99,36
9/24/2024,Earle,Wall Art,Vizor,Delivered,4.99,17
1/30/2025,Siward,Air Fryer,Witt,Delivered,9.49,71
3/21/2025,Rutherford,Wireless Earbuds,Maddox,Delivered,2.99,72
09-10-2024,Cloris,Wall Art,Lumsdon,Delivered,7.99,29
2/17/2025,Marthe,Silicone Baking Mat,Fagg,Delivered,39.99,85
5/28/2025,Zane,Wall Art,Ubanks,Delivered,3.49,46
05-02-2025,Wakefield,Knitting Set,Goldsmith,Delivered,4.49,78
10/23/2024,Lauryn,Silicone Baking Mat,Stedall,Delivered,29.99,97
1/20/2025,Neal,Paint-by-Numbers Kit,Farlamb,Delivered,5.99,83
02-01-2025,Jaime,Air Fryer,Tilford,Delivered,18.99,55
09-07-2024,Joachim,Paint-by-Numbers Kit,Foston,Delivered,249.99,62
04-11-2025,Janie,Silicone Baking Mat,Skipp,Delivered,3.99,56
9/20/2024,Colman,Smartwatch,Haulkham,Delivered,5.99,22
09-07-2024,Briney,Smartphone,Nason,Delivered,3.99,8
05-01-2025,Penni,Paint-by-Numbers Kit,Ilyinykh,Delivered,3.49,61
06-05-2025,Ulick,Air Fryer,Harnell,Delivered,3.49,8
6/30/2025,Chloette,Wall Art,Fowden,Delivered,14.99,86
6/19/2025,Garland,Wireless Earbuds,Langer,Delivered,8.99,6
11/19/2024,Forester,Paint-by-Numbers Kit,Buswell,Delivered,9.99,32
04-08-2025,Quinn,Paint-by-Numbers Kit,Wisniowski,Delivered,34.99,74
12-07-2024,Artur,Candle-Making Kit,Hemmingway,Delivered,5.29,63
12-03-2024,Zeke,Air Fryer,Goult,Delivered,8.99,31
6/16/2025,Cob,Smartwatch,Buxy,Delivered,45.99,71
5/27/2025,Joey,Silicone Baking Mat,Mogie,Delivered,5.99,80
06-10-2025,Katuscha,Wall Art,Braybrookes,Delivered,39.99,2
5/28/2025,Andee,Vegetable Spiralizer,Du Hamel,Delivered,4.29,41
10-06-2024,Caressa,Silicone Baking Mat,Prigmore,Delivered,3.29,92
01-04-2025,Geno,Wireless Earbuds,Giblin,Delivered,4.99,30
06-06-2025,Sergent,Silicone Baking Mat,Sayles,Delivered,8.99,67
1/31/2025,Alexis,Candle-Making Kit,Tarren,Delivered,39.99,83
01-05-2025,Valene,Paint-by-Numbers Kit,Taberner,Delivered,79.99,32
1/19/2025,Lola,Wireless Earbuds,Sifleet,Delivered,349.99,16
06-10-2025,Cristie,Smartwatch,Smitherham,Delivered,3.49,25
11/29/2024,Anallese,Silicone Baking Mat,Cline,Delivered,24.99,79
6/13/2025,Jessy,Wall Art,Antalffy,Delivered,2.99,29
11/15/2024,Frants,Vegetable Spiralizer,Pedrick,Delivered,3.79,42
09-07-2024,Torie,Knitting Set,Litchmore,Delivered,24.99,63
12/26/2024,Gilles,Wireless Earbuds,Paoletto,Delivered,8.49,86
10-07-2024,Gil,Silicone Baking Mat,Fredi,Delivered,3.89,87
4/20/2025,Roslyn,Wall Art,Avramovitz,Delivered,12.99,10
02-12-2025,Nerti,Silicone Baking Mat,Tudball,Delivered,4.79,93
06-12-2025,Hervey,Smartphone,Dalzell,Delivered,2.29,26
4/27/2025,Alvera,Smartwatch,Trent,Delivered,3.49,63
9/27/2024,Hadlee,Smartphone,Panting,Delivered,6.49,52
7/15/2025,Hugh,Vegetable Spiralizer,Loins,Delivered,5.99,94
3/31/2025,Elfrieda,Vegetable Spiralizer,Alderson,Delivered,3.29,35
06-07-2025,Sande,Vegetable Spiralizer,Trubshaw,Delivered,3.99,99
9/20/2024,Ignace,Vegetable Spiralizer,Vercruysse,Delivered,12.99,29
07-03-2025,Renie,Wireless Earbuds,Ghost,Delivered,15.99,5
7/19/2025,Steffane,Knitting Set,Stockau,Delivered,2.29,5
3/31/2025,Kerianne,Smartphone,Stuchberry,Delivered,149.99,6
1/18/2025,Lucinda,Knitting Set,Vanichkov,Delivered,4.29,76
3/19/2025,Bili,Vegetable Spiralizer,Hoggin,Delivered,3.49,81
12/13/2024,Carlota,Silicone Baking Mat,Hale,Delivered,5.49,58
11-06-2024,Ivy,Air Fryer,Arcase,Delivered,19.99,8
09-07-2024,Lynn,Smartwatch,Wands,Delivered,3.49,39
07-03-2025,Hannis,Vegetable Spiralizer,Spenton,Delivered,3.99,25
4/30/2025,Thom,Smartwatch,Stourton,Delivered,6.99,35
8/17/2024,Geoffrey,Vegetable Spiralizer,Holtham,Delivered,39.99,100
9/17/2024,Tomaso,Wall Art,Melliard,Delivered,19.99,21
2/22/2025,Jillie,Smartphone,Harken,Delivered,2.99,81
7/14/2025,Whitaker,Smartwatch,Fieldgate,Delivered,2.29,1
1/30/2025,Gabby,Wireless Earbuds,Schindler,Delivered,3.99,6
12/23/2024,Godfry,Wall Art,Locard,Delivered,4.29,88
12-05-2024,Jameson,Smartphone,Edwin,Delivered,1.99,2
7/31/2025,Augustine,Candle-Making Kit,Culp,Delivered,29.99,66
09-02-2024,Loree,Wireless Earbuds,Barlace,Delivered,2.99,95
3/28/2025,Augustine,Vegetable Spiralizer,Endley,Delivered,18.99,97
10-03-2024,Neddy,Candle-Making Kit,Docker,Delivered,199.99,54
06-03-2025,Cully,Silicone Baking Mat,Quinnelly,Delivered,3.49,52
7/16/2025,Kellyann,Wall Art,Petris,Delivered,39.99,51
12/21/2024,Bailey,Smartphone,Amys,Delivered,10.99,65
1/14/2025,Jarrad,Wall Art,Sloan,Delivered,24.99,56
4/21/2025,Yvor,Paint-by-Numbers Kit,Copello,Delivered,11.99,10
8/14/2024,Park,Smartwatch,Maginot,Delivered,3.99,85
6/28/2025,Esmeralda,Vegetable Spiralizer,Pittendreigh,Delivered,1.29,79
11-08-2024,Johny,Knitting Set,Raselles,Delivered,12.99,35
1/18/2025,Stepha,Silicone Baking Mat,Geistbeck,Delivered,4.29,50
02-06-2025,Hurlee,Wall Art,Ballston,Delivered,59.99,87
11-09-2024,Angelita,Vegetable Spiralizer,Jobern,Delivered,12.99,55
01-10-2025,Bertrand,Vegetable Spiralizer,Houlden,Delivered,39.99,19
9/27/2024,Paulie,Smartphone,Machent,Delivered,2.79,32
10-08-2024,Klemens,Knitting Set,Wapples,Delivered,4.99,23
9/14/2024,Rasla,Smartphone,Osgarby,Delivered,39.99,86
2/24/2025,Wallis,Wireless Earbuds,Silliman,Delivered,1.89,49
08-10-2024,Raynard,Smartphone,Gartenfeld,Delivered,29.99,33
05-07-2025,Wenona,Paint-by-Numbers Kit,Comiskey,Delivered,54.99,71
10/25/2024,Aubert,Smartwatch,Beaton,Delivered,29.99,80
4/16/2025,Bridget,Smartwatch,Coddrington,Delivered,5.99,33
7/15/2025,Charyl,Vegetable Spiralizer,Fansy,Delivered,4.19,76
12-07-2024,Lynett,Candle-Making Kit,Feuell,Delivered,59.99,45
5/25/2025,Jarred,Smartwatch,Burcombe,Delivered,19.99,21
7/25/2025,Torrence,Paint-by-Numbers Kit,Jeaffreson,Delivered,22.99,10
12/25/2024,Angeline,Silicone Baking Mat,Napleton,Delivered,5.49,81
10/30/2024,Brooke,Silicone Baking Mat,Andrat,Delivered,24.99,28
10/16/2024,Herta,Vegetable Spiralizer,Dimmer,Delivered,12.99,32
8/13/2024,Anderea,Air Fryer,Kitcher,Delivered,199.99,39
01-03-2025,Gray,Smartphone,Harbertson,Delivered,29.99,68
8/25/2024,Letta,Air Fryer,Romaynes,Delivered,3.29,1
5/30/2025,Mickey,Smartphone,Dilrew,Delivered,69.99,21
03-02-2025,Lewie,Paint-by-Numbers Kit,McCloy,Delivered,12.99,66
01-12-2025,Yancey,Wall Art,Sillwood,Delivered,39.99,26
8/21/2024,Chrystal,Vegetable Spiralizer,Lax,Delivered,19.99,99
12/26/2024,Myer,Silicone Baking Mat,Casassa,Delivered,2.99,98
1/13/2025,Belle,Vegetable Spiralizer,Sailor,Delivered,24.99,5
6/18/2025,Wit,Air Fryer,Povey,Delivered,29.99,51
2/21/2025,Kendell,Smartwatch,Scedall,Delivered,10.99,81
09-05-2024,Emmy,Air Fryer,Pratt,Delivered,3.99,87
02-07-2025,Dorri,Candle-Making Kit,Rowthorn,Delivered,24.99,9
06-11-2025,Janenna,Candle-Making Kit,Barkley,Delivered,22.99,68
11/28/2024,Cletis,Paint-by-Numbers Kit,Roderham,Delivered,2.99,35
08-06-2025,Javier,Silicone Baking Mat,Amphlett,Delivered,22.99,41
12/25/2024,Issiah,Silicone Baking Mat,Fazakerley,Delivered,19.99,62
8/19/2024,Frederigo,Silicone Baking Mat,McClunaghan,Delivered,39.99,40
10/13/2024,Lilllie,Paint-by-Numbers Kit,Petty,Delivered,99.99,87
03-04-2025,Darcy,Knitting Set,Vize,Delivered,49.99,57
1/28/2025,Nissy,Paint-by-Numbers Kit,Gunny,Delivered,9.99,27
6/16/2025,Tamar,Candle-Making Kit,Moseley,Delivered,19.99,63
7/26/2025,Bibbye,Wireless Earbuds,Clausson,Delivered,29.99,12
8/20/2024,Irena,Silicone Baking Mat,Ishak,Delivered,34.99,76
8/19/2024,Cristi,Candle-Making Kit,Treske,Delivered,49.99,86
07-03-2025,Corrinne,Candle-Making Kit,Stanyon,Delivered,6.49,76
8/21/2024,Ignatius,Smartwatch,Bertrand,Delivered,3.49,30
10/13/2024,Freddy,Smartwatch,Decroix,Delivered,2.99,6
4/17/2025,James,Vegetable Spiralizer,Antoshin,Delivered,3.59,1
6/16/2025,Halsey,Knitting Set,Seabridge,Delivered,4.99,14
2/26/2025,Jorge,Knitting Set,Chrishop,Delivered,199.99,28
02-04-2025,Ben,Smartphone,Eastway,Delivered,5.99,48
11-10-2024,Orelie,Air Fryer,Janda,Delivered,39.99,46
2/16/2025,Frederica,Vegetable Spiralizer,MacGiany,Delivered,49.99,57
9/27/2024,Erhard,Silicone Baking Mat,Woodeson,Delivered,2.99,28
10-04-2024,Torie,Vegetable Spiralizer,Bertelet,Delivered,19.99,15
3/20/2025,Maureene,Silicone Baking Mat,Sivior,Delivered,19.99,15
9/18/2024,Jeffrey,Candle-Making Kit,Lavall,Delivered,6.49,64
10/15/2024,Astra,Wireless Earbuds,Van der Son,Delivered,4.49,93
08-07-2025,Bird,Knitting Set,Giraudot,Delivered,69.99,91
9/28/2024,Tabitha,Silicone Baking Mat,Destouche,Delivered,89.99,62
6/13/2025,Stacee,Smartphone,Spaughton,Delivered,19.99,1
02-12-2025,Isidor,Air Fryer,Gilfillan,Delivered,39.99,6
12-05-2024,Wheeler,Smartphone,Cuvley,Delivered,2.99,94
01-08-2025,Codi,Smartwatch,Lewinton,Delivered,9.99,99
08-01-2025,Sande,Wall Art,Averall,Delivered,1.99,38
11-04-2024,Ivar,Knitting Set,Riby,Delivered,349.99,91
04-06-2025,Zaria,Smartwatch,Henricsson,Delivered,79.99,43
4/26/2025,Bowie,Candle-Making Kit,Craney,Delivered,12.99,69
3/22/2025,Cherri,Candle-Making Kit,Selburn,Delivered,5.49,11
06-06-2025,Dareen,Smartphone,Tome,Delivered,2.29,16
3/27/2025,Courtenay,Wireless Earbuds,Bruton,Delivered,7.49,16
4/30/2025,Curry,Wall Art,Kovalski,Delivered,4.79,48
03-04-2025,Chandal,Vegetable Spiralizer,D'Ambrogi,Delivered,39.99,53
12/15/2024,Tess,Wall Art,Bamb,Delivered,49.99,19
7/23/2025,Bret,Smartphone,Bossingham,Delivered,3.99,93
8/13/2024,Farra,Air Fryer,Wheadon,Delivered,3.79,84
10-12-2024,Candie,Knitting Set,Longfut,Delivered,4.79,9
7/27/2025,Rasla,Air Fryer,Leebetter,Delivered,22.99,87
2/21/2025,Cordula,Paint-by-Numbers Kit,Vizard,Delivered,3.29,63
07-02-2025,Jeff,Vegetable Spiralizer,Tulk,Delivered,22.99,71
10/26/2024,Broddy,Air Fryer,Turtle,Delivered,19.99,67
03-11-2025,Hurley,Smartwatch,Russilll,Delivered,4.99,43
1/27/2025,Piotr,Silicone Baking Mat,Lillyman,Delivered,39.99,66
3/15/2025,Mehetabel,Knitting Set,Niblett,Delivered,29.99,93
7/23/2025,Casandra,Knitting Set,Hunnawill,Delivered,59.99,14
9/13/2024,Mercie,Vegetable Spiralizer,Tibbles,Delivered,5.99,25
12-09-2024,Stanton,Candle-Making Kit,Hothersall,Delivered,39.99,76
9/18/2024,Oswald,Paint-by-Numbers Kit,Hardwicke,Delivered,5.99,28
11-04-2024,Edita,Wall Art,Hanton,Delivered,2.49,12
01-08-2025,Der,Smartphone,Calendar,Delivered,3.99,51
9/22/2024,Ezechiel,Wall Art,Harkess,Delivered,5.99,6
11/13/2024,Latrina,Candle-Making Kit,Yellop,Delivered,69.99,43
02-03-2025,Reggi,Paint-by-Numbers Kit,Bevir,Delivered,15.99,90
03-08-2025,Erhart,Wall Art,Melburg,Delivered,4.99,52
2/22/2025,Putnam,Wireless Earbuds,Philippet,Delivered,24.99,71
6/20/2025,Torrin,Wall Art,Gudgion,Delivered,34.99,24
09-12-2024,Rodolph,Candle-Making Kit,Bertome,Delivered,12.99,22
9/23/2024,Hunter,Wall Art,Ahlf,Delivered,4.99,15
02-02-2025,Barr,Candle-Making Kit,Weinmann,Delivered,199.99,74
12-06-2024,Jesse,Candle-Making Kit,Hayth,Delivered,5.49,98
10-02-2024,Tann,Air Fryer,Adess,Delivered,3.99,56
6/16/2025,Colleen,Wall Art,Halloran,Delivered,3.99,6
9/17/2024,Ashton,Wall Art,Jakaway,Delivered,89.99,83
